date;IMOEX
05.01.2015;1435,66
06.01.2015;1480,73
08.01.2015;1547,39
09.01.2015;1515,37
12.01.2015;1513,22
13.01.2015;1533,09
14.01.2015;1554,46
15.01.2015;1563,21
16.01.2015;1591,43
19.01.2015;1576,4
20.01.2015;1570,97
21.01.2015;1618,17
22.01.2015;1666,56
23.01.2015;1671,8
26.01.2015;1642,37
27.01.2015;1673,92
28.01.2015;1647,71
29.01.2015;1639,65
30.01.2015;1647,69
02.02.2015;1625,31
03.02.2015;1654,36
04.02.2015;1656,02
05.02.2015;1696,06
06.02.2015;1755,45
09.02.2015;1748,55
10.02.2015;1742,35
11.02.2015;1763,6
12.02.2015;1802,8
13.02.2015;1838,18
16.02.2015;1800,59
17.02.2015;1793,82
18.02.2015;1809,67
19.02.2015;1797,87
20.02.2015;1792,7
24.02.2015;1772,16
25.02.2015;1746,23
26.02.2015;1760,66
27.02.2015;1758,97
02.03.2015;1783,34
03.03.2015;1807,7
04.03.2015;1759,35
05.03.2015;1760,55
06.03.2015;1728,55
10.03.2015;1665,38
11.03.2015;1671,47
12.03.2015;1664,7
13.03.2015;1627,88
16.03.2015;1609,85
17.03.2015;1611,69
18.03.2015;1632,12
19.03.2015;1607,97
20.03.2015;1628,64
23.03.2015;1602,85
24.03.2015;1618,62
25.03.2015;1615,5
26.03.2015;1581,84
27.03.2015;1571,55
30.03.2015;1612,84
31.03.2015;1626,18
01.04.2015;1661,9
02.04.2015;1679,24
03.04.2015;1681,47
06.04.2015;1700,64
07.04.2015;1695,64
08.04.2015;1683,63
09.04.2015;1667,6
10.04.2015;1657,02
13.04.2015;1678,19
14.04.2015;1647,39
15.04.2015;1677,7
16.04.2015;1686,79
17.04.2015;1656,59
20.04.2015;1683,24
21.04.2015;1710,24
22.04.2015;1677,56
23.04.2015;1662,64
24.04.2015;1682,7
27.04.2015;1677,22
28.04.2015;1677,89
29.04.2015;1670,99
30.04.2015;1688,34
05.05.2015;1721,8
06.05.2015;1714,31
07.05.2015;1686,98
08.05.2015;1708,52
12.05.2015;1704,62
13.05.2015;1682,26
14.05.2015;1677,57
15.05.2015;1691,46
18.05.2015;1678,55
19.05.2015;1659,36
20.05.2015;1636,86
21.05.2015;1659,33
22.05.2015;1665,66
25.05.2015;1655,4
26.05.2015;1651,66
27.05.2015;1660,98
28.05.2015;1657,62
29.05.2015;1609,19
01.06.2015;1616,94
02.06.2015;1643,41
03.06.2015;1628,87
04.06.2015;1638,07
05.06.2015;1652,07
08.06.2015;1646,89
09.06.2015;1664,01
10.06.2015;1653,09
11.06.2015;1652,24
15.06.2015;1657,29
16.06.2015;1668,82
17.06.2015;1664,66
18.06.2015;1660,14
19.06.2015;1663,03
22.06.2015;1671,8
23.06.2015;1657,23
24.06.2015;1651,85
25.06.2015;1631,99
26.06.2015;1644,45
29.06.2015;1634,93
30.06.2015;1654,55
01.07.2015;1639,7
02.07.2015;1641,05
03.07.2015;1631,65
06.07.2015;1621,27
07.07.2015;1614,14
08.07.2015;1595
09.07.2015;1614,59
10.07.2015;1623,99
13.07.2015;1642,97
14.07.2015;1647,01
15.07.2015;1641,22
16.07.2015;1652,59
17.07.2015;1650,08
20.07.2015;1626,76
21.07.2015;1635,69
22.07.2015;1635,63
23.07.2015;1616,14
24.07.2015;1595,61
27.07.2015;1584,92
28.07.2015;1604,5
29.07.2015;1622,32
30.07.2015;1636,72
31.07.2015;1669
03.08.2015;1663,74
04.08.2015;1674,46
05.08.2015;1693,07
06.08.2015;1675,71
07.08.2015;1690,44
10.08.2015;1702,02
11.08.2015;1697,87
12.08.2015;1697,65
13.08.2015;1704,11
14.08.2015;1712,47
17.08.2015;1707,95
18.08.2015;1691,24
19.08.2015;1673,86
20.08.2015;1695,57
21.08.2015;1663,31
24.08.2015;1634,14
25.08.2015;1658,13
26.08.2015;1660,95
27.08.2015;1695,22
28.08.2015;1719,16
31.08.2015;1733,17
01.09.2015;1697,99
02.09.2015;1690,82
03.09.2015;1710,57
04.09.2015;1698,16
07.09.2015;1701,18
08.09.2015;1714,18
09.09.2015;1722,43
10.09.2015;1718,9
11.09.2015;1718,06
14.09.2015;1729,75
15.09.2015;1716,26
16.09.2015;1731,81
17.09.2015;1729,2
18.09.2015;1710,84
21.09.2015;1699,72
22.09.2015;1664,25
23.09.2015;1640,7
24.09.2015;1621,43
25.09.2015;1639,64
28.09.2015;1616,36
29.09.2015;1630,51
30.09.2015;1642,97
01.10.2015;1626,97
02.10.2015;1612,56
05.10.2015;1652,47
06.10.2015;1670,69
07.10.2015;1679,49
08.10.2015;1689,32
09.10.2015;1728,44
12.10.2015;1710,6
13.10.2015;1720,81
14.10.2015;1723,01
15.10.2015;1731,91
16.10.2015;1717
19.10.2015;1716,08
20.10.2015;1722,62
21.10.2015;1709,94
22.10.2015;1712,1
23.10.2015;1725,45
26.10.2015;1712,13
27.10.2015;1725,89
28.10.2015;1726,61
29.10.2015;1708,6
30.10.2015;1711,53
02.11.2015;1735,75
03.11.2015;1763,6
05.11.2015;1766,28
06.11.2015;1754,36
09.11.2015;1751,44
10.11.2015;1746,94
11.11.2015;1740,56
12.11.2015;1739,96
13.11.2015;1728,17
16.11.2015;1739,8
17.11.2015;1787,23
18.11.2015;1810,48
19.11.2015;1811,2
20.11.2015;1826,72
23.11.2015;1868,07
24.11.2015;1810,05
25.11.2015;1833,53
26.11.2015;1828,3
27.11.2015;1795,7
30.11.2015;1771,05
01.12.2015;1772,97
02.12.2015;1770,13
03.12.2015;1787,23
04.12.2015;1755,22
07.12.2015;1741,14
08.12.2015;1718,77
09.12.2015;1733,09
10.12.2015;1732,89
11.12.2015;1720,31
14.12.2015;1708,7
15.12.2015;1742,46
16.12.2015;1754,71
17.12.2015;1780,97
18.12.2015;1719,16
21.12.2015;1716,91
22.12.2015;1723,35
23.12.2015;1747,85
24.12.2015;1742,71
25.12.2015;1734,21
28.12.2015;1731,2
29.12.2015;1763,38
30.12.2015;1761,36
04.01.2016;1734,56
05.01.2016;1754,13
06.01.2016;1748,57
11.01.2016;1682,54
12.01.2016;1690,3
13.01.2016;1684,78
14.01.2016;1680,77
15.01.2016;1608,36
18.01.2016;1622,43
19.01.2016;1645,56
20.01.2016;1630,39
21.01.2016;1677,19
22.01.2016;1717,98
25.01.2016;1716,56
26.01.2016;1705,01
27.01.2016;1747,57
28.01.2016;1771,93
29.01.2016;1784,92
01.02.2016;1773,21
02.02.2016;1758,26
03.02.2016;1746,35
04.02.2016;1787,93
05.02.2016;1780,59
08.02.2016;1744,27
09.02.2016;1723,36
10.02.2016;1730,83
11.02.2016;1711,58
12.02.2016;1726,04
15.02.2016;1738,54
16.02.2016;1753,86
17.02.2016;1770,31
18.02.2016;1807,21
19.02.2016;1793,37
20.02.2016;1790,15
22.02.2016;1822,38
24.02.2016;1797,27
25.02.2016;1803,89
26.02.2016;1816,73
29.02.2016;1840,17
01.03.2016;1844,17
02.03.2016;1832,84
03.03.2016;1858,69
04.03.2016;1878,29
07.03.2016;1909,57
09.03.2016;1883
10.03.2016;1884,63
11.03.2016;1876,54
14.03.2016;1865,31
15.03.2016;1855,06
16.03.2016;1871,2
17.03.2016;1890,79
18.03.2016;1914,02
21.03.2016;1904,5
22.03.2016;1903,47
23.03.2016;1879,89
24.03.2016;1866,67
25.03.2016;1866,23
28.03.2016;1849,31
29.03.2016;1845,2
30.03.2016;1868,1
31.03.2016;1871,15
01.04.2016;1856,77
04.04.2016;1866,64
05.04.2016;1857,09
06.04.2016;1860,17
07.04.2016;1858,85
08.04.2016;1877,27
11.04.2016;1906,9
12.04.2016;1899,26
13.04.2016;1932,8
14.04.2016;1915,85
15.04.2016;1907,78
18.04.2016;1892,64
19.04.2016;1930,14
20.04.2016;1960,18
21.04.2016;1950,08
22.04.2016;1967,26
25.04.2016;1955,47
26.04.2016;1946,55
27.04.2016;1934,77
28.04.2016;1969,89
29.04.2016;1953,05
04.05.2016;1925,58
05.05.2016;1906,48
06.05.2016;1901,56
10.05.2016;1885,34
11.05.2016;1909,05
12.05.2016;1901,9
13.05.2016;1907,19
16.05.2016;1915,33
17.05.2016;1909
18.05.2016;1917,24
19.05.2016;1891,52
20.05.2016;1891,33
23.05.2016;1868,43
24.05.2016;1884,12
25.05.2016;1898,75
26.05.2016;1914,31
27.05.2016;1927,58
30.05.2016;1935,54
31.05.2016;1899,01
01.06.2016;1893,18
02.06.2016;1890,78
03.06.2016;1886,84
06.06.2016;1915,54
07.06.2016;1951,26
08.06.2016;1951,55
09.06.2016;1934,92
10.06.2016;1903,61
14.06.2016;1885,92
15.06.2016;1889,75
16.06.2016;1869,78
17.06.2016;1877,07
20.06.2016;1902,7
21.06.2016;1904,02
22.06.2016;1896,7
23.06.2016;1919,27
24.06.2016;1884,41
27.06.2016;1841,73
28.06.2016;1857,23
29.06.2016;1888,15
30.06.2016;1891,09
01.07.2016;1896,62
04.07.2016;1907,48
05.07.2016;1895,64
06.07.2016;1879,42
07.07.2016;1882,41
08.07.2016;1894,35
11.07.2016;1913,12
12.07.2016;1938,36
13.07.2016;1935,88
14.07.2016;1942,46
15.07.2016;1940,85
18.07.2016;1936,07
19.07.2016;1915,89
20.07.2016;1915,09
21.07.2016;1927,7
22.07.2016;1926,9
25.07.2016;1931,78
26.07.2016;1938,52
27.07.2016;1938,65
28.07.2016;1954,45
29.07.2016;1944,62
01.08.2016;1947,36
02.08.2016;1912,69
03.08.2016;1919,15
04.08.2016;1944,94
05.08.2016;1944,31
08.08.2016;1956,99
09.08.2016;1956,42
10.08.2016;1942,67
11.08.2016;1952,18
12.08.2016;1967,18
15.08.2016;1977,28
16.08.2016;1975,8
17.08.2016;1969,19
18.08.2016;1970,07
19.08.2016;1959,72
22.08.2016;1979,09
23.08.2016;1989,51
24.08.2016;1983,59
25.08.2016;1985,56
26.08.2016;1993,35
29.08.2016;1986,72
30.08.2016;1985,69
31.08.2016;1971,59
01.09.2016;1976,91
02.09.2016;2003,77
05.09.2016;2017,38
06.09.2016;2039,53
07.09.2016;2053,75
08.09.2016;2050,77
09.09.2016;2028,25
12.09.2016;2019,9
13.09.2016;2004,5
14.09.2016;2004,48
15.09.2016;1996,58
16.09.2016;1981,96
19.09.2016;1986,97
20.09.2016;1991,78
21.09.2016;1997,67
22.09.2016;2025,3
23.09.2016;2011,83
26.09.2016;1997,94
27.09.2016;1975,52
28.09.2016;1980,68
29.09.2016;1996,12
30.09.2016;1978
03.10.2016;1986,8
04.10.2016;1985,02
05.10.2016;1975,85
06.10.2016;1983,88
07.10.2016;1980,02
10.10.2016;2001,1
11.10.2016;2001,42
12.10.2016;1993,35
13.10.2016;1976,37
14.10.2016;1966,39
17.10.2016;1956,95
18.10.2016;1969,11
19.10.2016;1967,5
20.10.2016;1957,09
21.10.2016;1957,7
24.10.2016;1962,79
25.10.2016;1977,19
26.10.2016;1974,81
27.10.2016;1979,8
28.10.2016;1981,76
31.10.2016;1989,64
01.11.2016;1996,87
02.11.2016;1968,77
03.11.2016;1962,71
07.11.2016;1952,69
08.11.2016;1967,93
09.11.2016;2011,58
10.11.2016;2044,03
11.11.2016;2031,92
14.11.2016;2021,99
15.11.2016;2017,06
16.11.2016;2028,92
17.11.2016;2042,76
18.11.2016;2038,29
21.11.2016;2058,77
22.11.2016;2066,18
23.11.2016;2085,75
24.11.2016;2102,97
25.11.2016;2098,15
28.11.2016;2094,65
29.11.2016;2086,84
30.11.2016;2104,91
01.12.2016;2121,87
02.12.2016;2128,99
05.12.2016;2158,33
06.12.2016;2152,35
07.12.2016;2160,51
08.12.2016;2207,02
09.12.2016;2208,53
12.12.2016;2226,89
13.12.2016;2247,02
14.12.2016;2229,05
15.12.2016;2237,23
16.12.2016;2231,41
19.12.2016;2215,69
20.12.2016;2226,36
21.12.2016;2212,33
22.12.2016;2174,64
23.12.2016;2173,18
26.12.2016;2177,86
27.12.2016;2189,43
28.12.2016;2182,98
29.12.2016;2206,33
30.12.2016;2232,72
03.01.2017;2285,43
04.01.2017;2263,9
05.01.2017;2220,35
06.01.2017;2213,93
09.01.2017;2211,25
10.01.2017;2237,49
11.01.2017;2218,61
12.01.2017;2212
13.01.2017;2195,19
16.01.2017;2189,07
17.01.2017;2178,73
18.01.2017;2170,09
19.01.2017;2162,25
20.01.2017;2159,96
23.01.2017;2146,09
24.01.2017;2174,59
25.01.2017;2176
26.01.2017;2229,2
27.01.2017;2266,05
30.01.2017;2234,14
31.01.2017;2217,39
01.02.2017;2231,68
02.02.2017;2217,56
03.02.2017;2226,61
06.02.2017;2210,51
07.02.2017;2218,77
08.02.2017;2189,61
09.02.2017;2173,98
10.02.2017;2162,19
13.02.2017;2161,49
14.02.2017;2141,5
15.02.2017;2137,08
16.02.2017;2148,48
17.02.2017;2128,21
20.02.2017;2119,09
21.02.2017;2127,72
22.02.2017;2106,3
24.02.2017;2093,09
27.02.2017;2056,46
28.02.2017;2035,77
01.03.2017;2059,87
02.03.2017;2049
03.03.2017;2056,89
06.03.2017;2047,42
07.03.2017;2024,84
09.03.2017;1974,24
10.03.2017;1973,96
13.03.2017;2000,14
14.03.2017;2001,25
15.03.2017;1992,59
16.03.2017;2014,37
17.03.2017;2036,96
20.03.2017;2042,72
21.03.2017;2048,07
22.03.2017;2061,53
23.03.2017;2051,04
24.03.2017;2039,77
27.03.2017;2013,16
28.03.2017;2032,54
29.03.2017;2023,71
30.03.2017;2021,88
31.03.2017;1995,9
03.04.2017;2008,61
04.04.2017;2025,69
05.04.2017;2056,32
06.04.2017;2054,69
07.04.2017;2020,23
10.04.2017;1971,23
11.04.2017;1977,95
12.04.2017;1947,88
13.04.2017;1944,7
14.04.2017;1916,29
17.04.2017;1942,72
18.04.2017;1920,29
19.04.2017;1916,5
20.04.2017;1932,17
21.04.2017;1944,72
24.04.2017;1979,57
25.04.2017;1998,41
26.04.2017;2026,92
27.04.2017;2011,67
28.04.2017;2016,71
02.05.2017;2026,85
03.05.2017;1993,66
04.05.2017;1998,87
05.05.2017;2002,41
10.05.2017;2028,21
11.05.2017;2002,54
12.05.2017;1994,58
15.05.2017;2003,12
16.05.2017;1992,94
17.05.2017;1994,35
18.05.2017;1967,66
19.05.2017;1962,4
22.05.2017;1950,51
23.05.2017;1960,16
24.05.2017;1951,98
25.05.2017;1947,26
26.05.2017;1934,25
29.05.2017;1940,77
30.05.2017;1932,91
31.05.2017;1900,38
01.06.2017;1869,66
02.06.2017;1881,87
05.06.2017;1877,69
06.06.2017;1870,04
07.06.2017;1868,42
08.06.2017;1874,21
09.06.2017;1883,34
13.06.2017;1861,27
14.06.2017;1838,32
15.06.2017;1817,82
16.06.2017;1822,91
19.06.2017;1849,78
20.06.2017;1857,96
21.06.2017;1850,81
22.06.2017;1860,05
23.06.2017;1867,46
26.06.2017;1860,39
27.06.2017;1878,94
28.06.2017;1891,98
29.06.2017;1881,04
30.06.2017;1879,5
03.07.2017;1902,59
04.07.2017;1917,4
05.07.2017;1921,38
06.07.2017;1923,22
07.07.2017;1912,48
10.07.2017;1925,74
11.07.2017;1937,64
12.07.2017;1954,39
13.07.2017;1959,91
14.07.2017;1960,69
17.07.2017;1959,11
18.07.2017;1947,71
19.07.2017;1951,89
20.07.2017;1946,51
21.07.2017;1925,13
24.07.2017;1931,75
25.07.2017;1923,73
26.07.2017;1933,1
27.07.2017;1945,12
28.07.2017;1916,75
31.07.2017;1919,53
01.08.2017;1940,14
02.08.2017;1965,48
03.08.2017;1965,29
04.08.2017;1953,49
07.08.2017;1970,37
08.08.2017;1989,61
09.08.2017;1975,91
10.08.2017;1960,23
11.08.2017;1944,83
14.08.2017;1951,75
15.08.2017;1950,28
16.08.2017;1942,88
17.08.2017;1941,52
18.08.2017;1930,71
21.08.2017;1937,66
22.08.2017;1947,4
23.08.2017;1958,52
24.08.2017;1973,5
25.08.2017;1979,14
28.08.2017;1987,15
29.08.2017;1989,12
30.08.2017;2008,88
31.08.2017;2022,22
01.09.2017;2010,98
04.09.2017;2003,32
05.09.2017;2004,02
06.09.2017;2014,6
07.09.2017;2010,17
08.09.2017;2032,75
11.09.2017;2044,13
12.09.2017;2058,8
13.09.2017;2054,19
14.09.2017;2052,25
15.09.2017;2053,81
18.09.2017;2059,08
19.09.2017;2048,99
20.09.2017;2057,53
21.09.2017;2060,24
22.09.2017;2051,63
25.09.2017;2069,11
26.09.2017;2071,13
27.09.2017;2081,12
28.09.2017;2071,64
29.09.2017;2077,19
02.10.2017;2075,72
03.10.2017;2076,81
04.10.2017;2077,09
05.10.2017;2088,32
06.10.2017;2093,86
09.10.2017;2096,29
10.10.2017;2086,91
11.10.2017;2101,07
12.10.2017;2094,96
13.10.2017;2098,77
16.10.2017;2106,39
17.10.2017;2092,57
18.10.2017;2094,4
19.10.2017;2072,73
20.10.2017;2071,83
23.10.2017;2063,81
24.10.2017;2061,79
25.10.2017;2049,48
26.10.2017;2046,69
27.10.2017;2068,76
30.10.2017;2065,25
31.10.2017;2064,31
01.11.2017;2082,73
02.11.2017;2073,04
03.11.2017;2081,15
07.11.2017;2155,55
08.11.2017;2163,01
09.11.2017;2183,61
10.11.2017;2169,26
13.11.2017;2167,63
14.11.2017;2166,83
15.11.2017;2131,75
16.11.2017;2132,65
17.11.2017;2131,91
20.11.2017;2130,39
21.11.2017;2155,82
22.11.2017;2160,16
23.11.2017;2148,56
24.11.2017;2161,17
27.11.2017;2145,87
28.11.2017;2149,45
29.11.2017;2124,08
30.11.2017;2100,62
01.12.2017;2105,99
04.12.2017;2119,42
05.12.2017;2113,69
06.12.2017;2124,12
07.12.2017;2103,15
08.12.2017;2104,99
11.12.2017;2148,6
12.12.2017;2160,75
13.12.2017;2131,94
14.12.2017;2152,41
15.12.2017;2143,99
18.12.2017;2134,58
19.12.2017;2118,16
20.12.2017;2102,97
21.12.2017;2093,38
22.12.2017;2102,94
25.12.2017;2105,06
26.12.2017;2097,03
27.12.2017;2106,17
28.12.2017;2102,89
29.12.2017;2109,74
03.01.2018;2152,97
04.01.2018;2197,6
05.01.2018;2207,41
09.01.2018;2225,39
10.01.2018;2232,27
11.01.2018;2246,45
12.01.2018;2262,38
15.01.2018;2261,53
16.01.2018;2257,89
17.01.2018;2277,89
18.01.2018;2297,47
19.01.2018;2286,33
22.01.2018;2308,61
23.01.2018;2298,95
24.01.2018;2306,99
25.01.2018;2320,03
26.01.2018;2295,26
29.01.2018;2284,27
30.01.2018;2280,36
31.01.2018;2289,99
01.02.2018;2302,57
02.02.2018;2281,84
05.02.2018;2276,85
06.02.2018;2238,24
07.02.2018;2254,64
08.02.2018;2227,24
09.02.2018;2197,12
12.02.2018;2220,12
13.02.2018;2250,63
14.02.2018;2257,95
15.02.2018;2265,45
16.02.2018;2255,27
19.02.2018;2254,92
20.02.2018;2270,12
21.02.2018;2320,32
22.02.2018;2336,82
26.02.2018;2353,16
27.02.2018;2341,89
28.02.2018;2296,8
01.03.2018;2297,9
02.03.2018;2288,84
05.03.2018;2309,53
06.03.2018;2303,32
07.03.2018;2291,23
09.03.2018;2311,69
12.03.2018;2318,01
13.03.2018;2319,38
14.03.2018;2275,24
15.03.2018;2272,49
16.03.2018;2294,6
19.03.2018;2281,72
20.03.2018;2291,18
21.03.2018;2309,36
22.03.2018;2285,76
23.03.2018;2285,53
26.03.2018;2240,85
27.03.2018;2262,5
28.03.2018;2249,23
29.03.2018;2274,62
30.03.2018;2270,98
02.04.2018;2256,64
03.04.2018;2263,85
04.04.2018;2265,6
05.04.2018;2296,25
06.04.2018;2281,23
09.04.2018;2090,88
10.04.2018;2173,76
11.04.2018;2192,15
12.04.2018;2210,05
13.04.2018;2175,16
16.04.2018;2143,67
17.04.2018;2191,19
18.04.2018;2241,49
19.04.2018;2230,55
20.04.2018;2232,66
23.04.2018;2250,99
24.04.2018;2253,77
25.04.2018;2253,5
26.04.2018;2286,02
27.04.2018;2301,49
28.04.2018;2297,3
30.04.2018;2307,02
02.05.2018;2306,42
03.05.2018;2274,07
04.05.2018;2289,47
07.05.2018;2297,12
08.05.2018;2301,99
10.05.2018;2312,92
11.05.2018;2345,26
14.05.2018;2357,62
15.05.2018;2337,03
16.05.2018;2338,39
17.05.2018;2323,51
18.05.2018;2326,94
21.05.2018;2332,63
22.05.2018;2326,87
23.05.2018;2295,57
24.05.2018;2294,01
25.05.2018;2306,57
28.05.2018;2311,28
29.05.2018;2298
30.05.2018;2297,6
31.05.2018;2302,88
01.06.2018;2295,34
04.06.2018;2323,64
05.06.2018;2318,23
06.06.2018;2315,45
07.06.2018;2316,07
08.06.2018;2267,92
09.06.2018;2281,51
11.06.2018;2271,74
13.06.2018;2270,73
14.06.2018;2253,48
15.06.2018;2237,53
18.06.2018;2222,56
19.06.2018;2221,42
20.06.2018;2256,27
21.06.2018;2245,94
22.06.2018;2249,68
25.06.2018;2236,65
26.06.2018;2231,03
27.06.2018;2253,6
28.06.2018;2250,26
29.06.2018;2295,95
02.07.2018;2319,31
03.07.2018;2301,65
04.07.2018;2304,06
05.07.2018;2346,86
06.07.2018;2345,38
09.07.2018;2373,17
10.07.2018;2365,17
11.07.2018;2336,15
12.07.2018;2322,06
13.07.2018;2346,43
16.07.2018;2334,18
17.07.2018;2310,92
18.07.2018;2294,78
19.07.2018;2269,45
20.07.2018;2247,82
23.07.2018;2261,25
24.07.2018;2278,3
25.07.2018;2282,84
26.07.2018;2293,07
27.07.2018;2292,72
30.07.2018;2295,72
31.07.2018;2321,11
01.08.2018;2315,18
02.08.2018;2295,15
03.08.2018;2297,99
06.08.2018;2299,88
07.08.2018;2312,19
08.08.2018;2293,01
09.08.2018;2309,58
10.08.2018;2275,05
13.08.2018;2285,61
14.08.2018;2282,88
15.08.2018;2267,13
16.08.2018;2261,09
17.08.2018;2255,12
20.08.2018;2272,49
21.08.2018;2291,76
22.08.2018;2297,06
23.08.2018;2260,04
24.08.2018;2279,76
27.08.2018;2312,93
28.08.2018;2316,28
29.08.2018;2348,44
30.08.2018;2330,92
31.08.2018;2345,85
03.09.2018;2346,08
04.09.2018;2336,38
05.09.2018;2321,33
06.09.2018;2320,65
07.09.2018;2321,82
10.09.2018;2335,85
11.09.2018;2335,19
12.09.2018;2340,63
13.09.2018;2357,32
14.09.2018;2360,26
17.09.2018;2373,75
18.09.2018;2402,58
19.09.2018;2404,42
20.09.2018;2400,89
21.09.2018;2426,8
24.09.2018;2430,01
25.09.2018;2444,22
26.09.2018;2427,29
27.09.2018;2474,57
28.09.2018;2475,36
01.10.2018;2472,22
02.10.2018;2449,7
03.10.2018;2493,91
04.10.2018;2465,03
05.10.2018;2450,9
08.10.2018;2454,28
09.10.2018;2443,83
10.10.2018;2417,69
11.10.2018;2366,47
12.10.2018;2403,02
15.10.2018;2389,05
16.10.2018;2417,26
17.10.2018;2411,42
18.10.2018;2378,62
19.10.2018;2344,79
22.10.2018;2308,56
23.10.2018;2305,58
24.10.2018;2336,49
25.10.2018;2331,59
26.10.2018;2293,22
29.10.2018;2317,06
30.10.2018;2299,98
31.10.2018;2352,71
01.11.2018;2359,33
02.11.2018;2377,95
06.11.2018;2412,31
07.11.2018;2445,34
08.11.2018;2438,62
09.11.2018;2403,47
12.11.2018;2393,81
13.11.2018;2374,94
14.11.2018;2378,59
15.11.2018;2381,45
16.11.2018;2372,67
19.11.2018;2373,78
20.11.2018;2341,6
21.11.2018;2357,97
22.11.2018;2369,53
23.11.2018;2342,97
26.11.2018;2308,5
27.11.2018;2338,71
28.11.2018;2381,12
29.11.2018;2398,56
30.11.2018;2392,5
03.12.2018;2441,19
04.12.2018;2443,38
05.12.2018;2445,55
06.12.2018;2412,31
07.12.2018;2431,29
10.12.2018;2396,84
11.12.2018;2394,26
12.12.2018;2370,35
13.12.2018;2378,5
14.12.2018;2365,69
17.12.2018;2359,13
18.12.2018;2350,29
19.12.2018;2358,58
20.12.2018;2352,88
21.12.2018;2347,17
24.12.2018;2322,27
25.12.2018;2290,86
26.12.2018;2308,85
27.12.2018;2327,81
28.12.2018;2358,5
29.12.2018;2369,33
03.01.2019;2375,6
04.01.2019;2406,5
08.01.2019;2389,69
09.01.2019;2414,13
10.01.2019;2434,15
11.01.2019;2444,45
14.01.2019;2440,15
15.01.2019;2439,55
16.01.2019;2434,6
17.01.2019;2447,64
18.01.2019;2473,61
21.01.2019;2468,25
22.01.2019;2468,73
23.01.2019;2491,49
24.01.2019;2482,71
25.01.2019;2498,23
28.01.2019;2476,81
29.01.2019;2498,35
30.01.2019;2511,86
31.01.2019;2521,1
01.02.2019;2521,7
04.02.2019;2523,52
05.02.2019;2547,27
06.02.2019;2539,73
07.02.2019;2509,89
08.02.2019;2502,82
11.02.2019;2510,22
12.02.2019;2533,32
13.02.2019;2485,76
14.02.2019;2460,82
15.02.2019;2490,16
18.02.2019;2472,41
19.02.2019;2458,55
20.02.2019;2487,82
21.02.2019;2470,23
22.02.2019;2488,63
25.02.2019;2494,63
26.02.2019;2494,02
27.02.2019;2490,65
28.02.2019;2485,27
01.03.2019;2478,01
04.03.2019;2473,79
05.03.2019;2466,23
06.03.2019;2494,04
07.03.2019;2476,64
11.03.2019;2465,94
12.03.2019;2468,25
13.03.2019;2470,61
14.03.2019;2457,79
15.03.2019;2476,73
18.03.2019;2483,7
19.03.2019;2493,28
20.03.2019;2504,23
21.03.2019;2507,81
22.03.2019;2492,7
25.03.2019;2497,59
26.03.2019;2512,63
27.03.2019;2487,48
28.03.2019;2492,4
29.03.2019;2497,1
01.04.2019;2521,25
02.04.2019;2527,77
03.04.2019;2532,32
04.04.2019;2535,5
05.04.2019;2540,99
08.04.2019;2560,07
09.04.2019;2570,28
10.04.2019;2578,58
11.04.2019;2551,45
12.04.2019;2559,72
15.04.2019;2545,12
16.04.2019;2559,84
17.04.2019;2568,26
18.04.2019;2560,8
19.04.2019;2563,9
22.04.2019;2584,74
23.04.2019;2587,48
24.04.2019;2579,05
25.04.2019;2560,94
26.04.2019;2563,72
29.04.2019;2569,83
30.04.2019;2559,32
02.05.2019;2575,22
03.05.2019;2580,95
06.05.2019;2579,75
07.05.2019;2565,1
08.05.2019;2544,43
10.05.2019;2514,87
13.05.2019;2508,87
14.05.2019;2562,33
15.05.2019;2554,49
16.05.2019;2581,11
17.05.2019;2577,48
20.05.2019;2571,65
21.05.2019;2616,53
22.05.2019;2638,71
23.05.2019;2618,61
24.05.2019;2619,24
27.05.2019;2632,95
28.05.2019;2609,78
29.05.2019;2641,15
30.05.2019;2659,52
31.05.2019;2665,33
03.06.2019;2729,93
04.06.2019;2706,29
05.06.2019;2701,84
06.06.2019;2728,25
07.06.2019;2729,61
10.06.2019;2742,59
11.06.2019;2751,75
13.06.2019;2758,36
14.06.2019;2739,28
17.06.2019;2734,31
18.06.2019;2761,69
19.06.2019;2759,12
20.06.2019;2780,2
21.06.2019;2761,23
24.06.2019;2762,65
25.06.2019;2753,96
26.06.2019;2775,14
27.06.2019;2779,66
28.06.2019;2765,85
01.07.2019;2801,47
02.07.2019;2809,81
03.07.2019;2823,95
04.07.2019;2842,78
05.07.2019;2835,35
08.07.2019;2822,55
09.07.2019;2822,66
10.07.2019;2822,75
11.07.2019;2789,66
12.07.2019;2777,58
15.07.2019;2756,44
16.07.2019;2755,88
17.07.2019;2713,17
18.07.2019;2702,59
19.07.2019;2700,57
22.07.2019;2684,25
23.07.2019;2701,06
24.07.2019;2682,91
25.07.2019;2701,02
26.07.2019;2715,68
29.07.2019;2728,27
30.07.2019;2734,68
31.07.2019;2739,5
01.08.2019;2729,42
02.08.2019;2674,9
05.08.2019;2649,16
06.08.2019;2683,35
07.08.2019;2674,98
08.08.2019;2696,69
09.08.2019;2679,71
12.08.2019;2689,93
13.08.2019;2680,12
14.08.2019;2637,04
15.08.2019;2625,58
16.08.2019;2615,2
19.08.2019;2648,09
20.08.2019;2672,84
21.08.2019;2673,95
22.08.2019;2675,13
23.08.2019;2660,74
26.08.2019;2658,24
27.08.2019;2659,35
28.08.2019;2677,31
29.08.2019;2714,25
30.08.2019;2740,04
02.09.2019;2773,01
03.09.2019;2774,2
04.09.2019;2793,36
05.09.2019;2807,06
06.09.2019;2797,55
09.09.2019;2786,63
10.09.2019;2787,52
11.09.2019;2817,05
12.09.2019;2799,99
13.09.2019;2791,74
16.09.2019;2834,32
17.09.2019;2820,86
18.09.2019;2818,6
19.09.2019;2794,77
20.09.2019;2796,41
23.09.2019;2785,46
24.09.2019;2754,53
25.09.2019;2760,29
26.09.2019;2772,7
27.09.2019;2757,98
30.09.2019;2747,18
01.10.2019;2758,83
02.10.2019;2719,39
03.10.2019;2707,47
04.10.2019;2692,55
07.10.2019;2719,22
08.10.2019;2707,89
09.10.2019;2713,02
10.10.2019;2721,51
11.10.2019;2708,07
14.10.2019;2697,46
15.10.2019;2715,26
16.10.2019;2744,35
17.10.2019;2748,64
18.10.2019;2752,91
21.10.2019;2761,15
22.10.2019;2802,23
23.10.2019;2821,58
24.10.2019;2877,05
25.10.2019;2873,41
28.10.2019;2856,91
29.10.2019;2886,48
30.10.2019;2911,15
31.10.2019;2893,98
01.11.2019;2930,4
05.11.2019;2949,55
06.11.2019;2980,84
07.11.2019;3008,54
08.11.2019;2973,19
11.11.2019;2961,46
12.11.2019;2951,16
13.11.2019;2933,89
14.11.2019;2922,45
15.11.2019;2934,82
18.11.2019;2924,48
19.11.2019;2941,69
20.11.2019;2936,47
21.11.2019;2942,6
22.11.2019;2947,68
25.11.2019;2955,32
26.11.2019;2930,62
27.11.2019;2929,05
28.11.2019;2927,57
29.11.2019;2935,37
02.12.2019;2921,18
03.12.2019;2883,48
04.12.2019;2900,66
05.12.2019;2899,29
06.12.2019;2928,76
09.12.2019;2945,03
10.12.2019;2932,4
11.12.2019;2954,4
12.12.2019;2982,86
13.12.2019;2996,63
16.12.2019;3006,16
17.12.2019;3013,29
18.12.2019;3023,92
19.12.2019;3008,39
20.12.2019;3015,93
23.12.2019;3033,81
24.12.2019;3030,59
25.12.2019;3030,84
26.12.2019;3031,67
27.12.2019;3050,47
30.12.2019;3045,87
03.01.2020;3076,37
06.01.2020;3078,87
08.01.2020;3110,06
09.01.2020;3118,08
10.01.2020;3123,66
13.01.2020;3151,69
14.01.2020;3129,77
15.01.2020;3132,63
16.01.2020;3157,23
17.01.2020;3196,88
20.01.2020;3219,92
21.01.2020;3209,22
22.01.2020;3174,62
23.01.2020;3141,2
24.01.2020;3146,2
27.01.2020;3085,16
28.01.2020;3113,1
29.01.2020;3128,8
30.01.2020;3108,58
31.01.2020;3076,65
03.02.2020;3070,84
04.02.2020;3097,6
05.02.2020;3114,25
06.02.2020;3096,68
07.02.2020;3087,63
10.02.2020;3062,41
11.02.2020;3097,58
12.02.2020;3122,27
13.02.2020;3110,05
14.02.2020;3096,88
17.02.2020;3110,06
18.02.2020;3074,05
19.02.2020;3114,57
20.02.2020;3125,1
21.02.2020;3106,03
25.02.2020;3002,68
26.02.2020;3017,42
27.02.2020;2915,84
28.02.2020;2785,08
02.03.2020;2765,77
03.03.2020;2821,37
04.03.2020;2828,01
05.03.2020;2816,7
06.03.2020;2719,51
10.03.2020;2498,94
11.03.2020;2492,88
12.03.2020;2286,4
13.03.2020;2316,38
16.03.2020;2266,9
17.03.2020;2224,74
18.03.2020;2112,64
19.03.2020;2275,7
20.03.2020;2331,61
23.03.2020;2253,35
24.03.2020;2415,97
25.03.2020;2452,69
26.03.2020;2489,97
27.03.2020;2401,11
30.03.2020;2433,35
31.03.2020;2508,81
01.04.2020;2473,61
02.04.2020;2545,95
03.04.2020;2572,23
06.04.2020;2622,59
07.04.2020;2634,74
08.04.2020;2670,12
09.04.2020;2701,77
10.04.2020;2677,86
13.04.2020;2628,85
14.04.2020;2631,83
15.04.2020;2498,94
16.04.2020;2515,05
17.04.2020;2534,97
20.04.2020;2525,97
21.04.2020;2488,02
22.04.2020;2573,41
23.04.2020;2599,41
24.04.2020;2562,03
27.04.2020;2570,91
28.04.2020;2612,24
29.04.2020;2663,14
30.04.2020;2650,56
04.05.2020;2624,64
05.05.2020;2653,51
06.05.2020;2632,1
07.05.2020;2634
08.05.2020;2641,55
12.05.2020;2642,04
13.05.2020;2604,98
14.05.2020;2590,31
15.05.2020;2593,91
18.05.2020;2694,25
19.05.2020;2711,72
20.05.2020;2770,79
21.05.2020;2718,67
22.05.2020;2709,38
25.05.2020;2757,93
26.05.2020;2754,04
27.05.2020;2741,02
28.05.2020;2779,98
29.05.2020;2734,83
01.06.2020;2750,24
02.06.2020;2796,51
03.06.2020;2831,08
04.06.2020;2766,26
05.06.2020;2792,74
08.06.2020;2796,3
09.06.2020;2795,9
10.06.2020;2785,18
11.06.2020;2743,8
15.06.2020;2719,06
16.06.2020;2748,3
17.06.2020;2740,1
18.06.2020;2724,33
19.06.2020;2758,67
22.06.2020;2763,29
23.06.2020;2791,97
25.06.2020;2760,75
26.06.2020;2761,74
29.06.2020;2767,95
30.06.2020;2743,2
02.07.2020;2788,79
03.07.2020;2801,66
06.07.2020;2835,18
07.07.2020;2825,21
08.07.2020;2815,83
09.07.2020;2782,43
10.07.2020;2800,94
13.07.2020;2766,79
14.07.2020;2744,54
15.07.2020;2747,91
16.07.2020;2760,01
17.07.2020;2774,79
20.07.2020;2802,24
21.07.2020;2825,71
22.07.2020;2834,65
23.07.2020;2851,79
24.07.2020;2863,12
27.07.2020;2884,88
28.07.2020;2895,45
29.07.2020;2918,42
30.07.2020;2882,63
31.07.2020;2911,57
03.08.2020;2929,97
04.08.2020;2940,46
05.08.2020;2992,78
06.08.2020;2988,5
07.08.2020;2972,35
10.08.2020;2960,78
11.08.2020;3005,63
12.08.2020;3053,99
13.08.2020;3080,44
14.08.2020;3061,99
17.08.2020;3052,46
18.08.2020;3050,7
19.08.2020;3056,54
20.08.2020;2993,69
21.08.2020;2995,61
24.08.2020;3029,42
25.08.2020;3029,05
26.08.2020;3051,97
27.08.2020;3012,01
28.08.2020;2980,17
31.08.2020;2966,2
01.09.2020;2975
02.09.2020;2956,5
03.09.2020;2931,92
04.09.2020;2921,55
07.09.2020;2932,29
08.09.2020;2888,79
09.09.2020;2876,07
10.09.2020;2897,55
11.09.2020;2910,51
14.09.2020;2928,38
15.09.2020;2980,58
16.09.2020;2975,01
17.09.2020;2971,74
18.09.2020;2951,79
21.09.2020;2863,67
22.09.2020;2884,66
23.09.2020;2916,39
24.09.2020;2912,76
25.09.2020;2896,83
28.09.2020;2927,17
29.09.2020;2910,12
30.09.2020;2905,81
01.10.2020;2889,8
02.10.2020;2852,42
05.10.2020;2881,98
06.10.2020;2892,99
07.10.2020;2842,58
08.10.2020;2846,39
09.10.2020;2834,09
12.10.2020;2846,14
13.10.2020;2829,23
14.10.2020;2856,08
15.10.2020;2817,29
16.10.2020;2799,54
19.10.2020;2794,27
20.10.2020;2803,06
21.10.2020;2786,23
22.10.2020;2803,17
23.10.2020;2816,7
26.10.2020;2785,59
27.10.2020;2763,03
28.10.2020;2693,46
29.10.2020;2709,04
30.10.2020;2690,59
02.11.2020;2737,54
03.11.2020;2786,42
05.11.2020;2861,39
06.11.2020;2895,62
09.11.2020;2987,75
10.11.2020;2998,61
11.11.2020;3015,03
12.11.2020;3025,83
13.11.2020;3025,22
16.11.2020;3079,74
17.11.2020;3052,22
18.11.2020;3080,68
19.11.2020;3046,49
20.11.2020;3051,04
23.11.2020;3047,06
24.11.2020;3095,84
25.11.2020;3134,52
26.11.2020;3138,62
27.11.2020;3142,68
30.11.2020;3107,58
01.12.2020;3147,79
02.12.2020;3189,61
03.12.2020;3162,67
04.12.2020;3184,72
07.12.2020;3195,08
08.12.2020;3179,61
09.12.2020;3211,66
10.12.2020;3258,31
11.12.2020;3276,58
14.12.2020;3254,83
15.12.2020;3248,11
16.12.2020;3269,95
17.12.2020;3282,67
18.12.2020;3273,75
21.12.2020;3186,38
22.12.2020;3236,46
23.12.2020;3252,1
24.12.2020;3236,88
25.12.2020;3246,35
28.12.2020;3258,95
29.12.2020;3274,67
30.12.2020;3289,02
04.01.2021;3350,51
05.01.2021;3359,15
06.01.2021;3371,03
08.01.2021;3454,82
11.01.2021;3482,48
12.01.2021;3471,65
13.01.2021;3470,26
14.01.2021;3490,85
15.01.2021;3450,95
18.01.2021;3471,92
19.01.2021;3443,23
20.01.2021;3466,8
21.01.2021;3422,67
22.01.2021;3382,92
25.01.2021;3397,48
26.01.2021;3390,76
27.01.2021;3343,62
28.01.2021;3342,01
29.01.2021;3277,08
01.02.2021;3291,14
02.02.2021;3360,25
03.02.2021;3343,46
04.02.2021;3372
05.02.2021;3392,73
08.02.2021;3445,9
09.02.2021;3426,86
10.02.2021;3399,66
11.02.2021;3414,32
12.02.2021;3427,08
15.02.2021;3481,9
16.02.2021;3495,26
17.02.2021;3436,8
18.02.2021;3400,17
19.02.2021;3457,68
20.02.2021;3446,32
22.02.2021;3433,93
24.02.2021;3385,48
25.02.2021;3409,76
26.02.2021;3346,64
01.03.2021;3386,16
02.03.2021;3410,1
03.03.2021;3416,04
04.03.2021;3397,56
05.03.2021;3414,13
09.03.2021;3478,72
10.03.2021;3463,06
11.03.2021;3508,51
12.03.2021;3539,5
15.03.2021;3584,49
16.03.2021;3589,83
17.03.2021;3507,91
18.03.2021;3504,85
19.03.2021;3475,26
22.03.2021;3489,07
23.03.2021;3467,21
24.03.2021;3485,33
25.03.2021;3439,3
26.03.2021;3489,83
29.03.2021;3529,33
30.03.2021;3525,23
31.03.2021;3541,72
01.04.2021;3527,54
02.04.2021;3558,22
05.04.2021;3524,93
06.04.2021;3493,89
07.04.2021;3500,34
08.04.2021;3507,83
09.04.2021;3486,03
12.04.2021;3522,65
13.04.2021;3526,3
14.04.2021;3576,89
15.04.2021;3568,51
16.04.2021;3598,44
19.04.2021;3574,08
20.04.2021;3552,41
21.04.2021;3561,72
22.04.2021;3600,35
23.04.2021;3597,17
26.04.2021;3610,98
27.04.2021;3600,6
28.04.2021;3578,12
29.04.2021;3571,05
30.04.2021;3544
04.05.2021;3577,21
05.05.2021;3643,56
06.05.2021;3658,27
07.05.2021;3682,69
10.05.2021;3694,78
11.05.2021;3652,05
12.05.2021;3654,14
13.05.2021;3637,38
14.05.2021;3637,6
17.05.2021;3639,61
18.05.2021;3687,96
19.05.2021;3634,76
20.05.2021;3636,16
21.05.2021;3660,48
24.05.2021;3662,51
25.05.2021;3686,76
26.05.2021;3711,05
27.05.2021;3738,68
28.05.2021;3730,55
31.05.2021;3721,63
01.06.2021;3764,59
02.06.2021;3817,68
03.06.2021;3805,45
04.06.2021;3807,43
07.06.2021;3822,21
08.06.2021;3807,43
09.06.2021;3843,28
10.06.2021;3827,71
11.06.2021;3841,53
14.06.2021;3860,18
15.06.2021;3822,4
16.06.2021;3829,67
17.06.2021;3819,07
18.06.2021;3802,95
21.06.2021;3813,45
22.06.2021;3821,68
23.06.2021;3837,15
24.06.2021;3823,44
25.06.2021;3831,84
28.06.2021;3825,57
29.06.2021;3790,85
30.06.2021;3841,85
01.07.2021;3858,32
02.07.2021;3865,42
05.07.2021;3882,59
06.07.2021;3884,3
07.07.2021;3895,1
08.07.2021;3861,08
09.07.2021;3855,31
12.07.2021;3875,61
13.07.2021;3877,03
14.07.2021;3832,85
15.07.2021;3799,97
16.07.2021;3770,15
19.07.2021;3693,42
20.07.2021;3704,4
21.07.2021;3722,96
22.07.2021;3754,44
23.07.2021;3734,54
26.07.2021;3750,1
27.07.2021;3733,1
28.07.2021;3782,28
29.07.2021;3804,33
30.07.2021;3771,58
02.08.2021;3788,1
03.08.2021;3793,69
04.08.2021;3810,62
05.08.2021;3833,75
06.08.2021;3805,36
09.08.2021;3835,11
10.08.2021;3862,32
11.08.2021;3877,37
12.08.2021;3888,86
13.08.2021;3873
16.08.2021;3895,31
17.08.2021;3943,01
18.08.2021;3925,17
19.08.2021;3853,98
20.08.2021;3832,7
23.08.2021;3883,01
24.08.2021;3888,87
25.08.2021;3886,64
26.08.2021;3851,57
27.08.2021;3887,38
30.08.2021;3928,5
31.08.2021;3918,96
01.09.2021;3971,02
02.09.2021;3990,77
03.09.2021;4001,7
06.09.2021;4028,25
07.09.2021;4010,16
08.09.2021;4017,37
09.09.2021;3993,56
10.09.2021;4002,66
13.09.2021;4041,16
14.09.2021;4055,7
15.09.2021;4065,53
16.09.2021;4045,1
17.09.2021;4035,17
20.09.2021;3969,61
21.09.2021;3970,48
22.09.2021;4030,98
23.09.2021;4052,14
24.09.2021;4038,23
27.09.2021;4081,22
28.09.2021;4065,46
29.09.2021;4058,37
30.09.2021;4103,52
01.10.2021;4086,99
04.10.2021;4112,72
05.10.2021;4223,85
06.10.2021;4171,71
07.10.2021;4228,02
08.10.2021;4238
11.10.2021;4279,87
12.10.2021;4263,8
13.10.2021;4243,92
14.10.2021;4259,13
15.10.2021;4261,82
18.10.2021;4248,33
19.10.2021;4276,26
20.10.2021;4287,52
21.10.2021;4218,63
22.10.2021;4196,96
25.10.2021;4254,98
26.10.2021;4235,87
27.10.2021;4229,53
28.10.2021;4189,66
29.10.2021;4150
01.11.2021;4221,49
02.11.2021;4207,53
03.11.2021;4184,87
05.11.2021;4174,76
08.11.2021;4218,27
09.11.2021;4187,33
10.11.2021;4172,47
11.11.2021;4189,35
12.11.2021;4121,66
15.11.2021;4135,14
16.11.2021;4120,02
17.11.2021;4149,02
18.11.2021;4093,85
19.11.2021;4016,47
22.11.2021;3872,77
23.11.2021;3960,33
24.11.2021;3950,56
25.11.2021;3947,82
26.11.2021;3810,98
29.11.2021;3879,54
30.11.2021;3890,59
01.12.2021;3959,29
02.12.2021;3947,54
03.12.2021;3913,06
06.12.2021;3810,1
07.12.2021;3873,2
08.12.2021;3773,61
09.12.2021;3813,29
10.12.2021;3760,23
13.12.2021;3618,31
14.12.2021;3619,39
15.12.2021;3621,82
16.12.2021;3750,36
17.12.2021;3723,27
20.12.2021;3669,05
21.12.2021;3693,02
22.12.2021;3746,75
23.12.2021;3704,6
24.12.2021;3702,72
27.12.2021;3740,63
28.12.2021;3777,56
29.12.2021;3741,07
30.12.2021;3787,26
03.01.2022;3852,5
04.01.2022;3873,49
05.01.2022;3815,05
06.01.2022;3753,29
07.01.2022;3772,04
10.01.2022;3738,68
11.01.2022;3785,29
12.01.2022;3829,95
13.01.2022;3674,73
14.01.2022;3596,98
17.01.2022;3560,35
18.01.2022;3328,94
19.01.2022;3436,82
20.01.2022;3516,02
21.01.2022;3439,25
24.01.2022;3235,28
25.01.2022;3258,74
26.01.2022;3357,66
27.01.2022;3455,93
28.01.2022;3488,6
31.01.2022;3530,38
01.02.2022;3548,17
02.02.2022;3543,8
03.02.2022;3471,18
04.02.2022;3471,01
07.02.2022;3470,78
08.02.2022;3551,65
09.02.2022;3638,93
10.02.2022;3655,76
11.02.2022;3546,62
14.02.2022;3481,38
15.02.2022;3600,29
16.02.2022;3646,41
17.02.2022;3511,08
18.02.2022;3393,31
21.02.2022;3036,88
22.02.2022;3084,74
24.02.2022;2058,12
25.02.2022;2470,48
24.03.2022;2578,51
25.03.2022;2484,13
28.03.2022;2430,7
29.03.2022;2408,49
30.03.2022;2513,03
31.03.2022;2703,51
01.04.2022;2759,64
04.04.2022;2787,69
05.04.2022;2662,79
06.04.2022;2611,43
07.04.2022;2635,39
08.04.2022;2592,72
11.04.2022;2557,16
12.04.2022;2540,99
13.04.2022;2528,42
14.04.2022;2404,73
15.04.2022;2424,99
18.04.2022;2342,63
19.04.2022;2317,46
20.04.2022;2330,73
21.04.2022;2271,05
22.04.2022;2232,23
25.04.2022;2186,22
26.04.2022;2318,46
27.04.2022;2424,28
28.04.2022;2383,66
29.04.2022;2445,17
04.05.2022;2373,16
05.05.2022;2404,8
06.05.2022;2393,03
11.05.2022;2387,14
12.05.2022;2297,89
13.05.2022;2307,5
16.05.2022;2364,6
17.05.2022;2424,1
18.05.2022;2445,3
19.05.2022;2436,57
20.05.2022;2373,26
23.05.2022;2301,85
24.05.2022;2293,62
25.05.2022;2340,18
26.05.2022;2413,06
27.05.2022;2407,59
30.05.2022;2400,39
31.05.2022;2355,75
01.06.2022;2374,6
02.06.2022;2340,17
03.06.2022;2308,03
06.06.2022;2282,16
07.06.2022;2291,62
08.06.2022;2318,85
09.06.2022;2293,99
10.06.2022;2285,52
14.06.2022;2289,75
15.06.2022;2318,96
16.06.2022;2369,75
17.06.2022;2353,98
20.06.2022;2404,4
21.06.2022;2358,81
22.06.2022;2373,52
23.06.2022;2404,54
24.06.2022;2391,51
27.06.2022;2417,06
28.06.2022;2408,75
29.06.2022;2378,55
30.06.2022;2204,85
01.07.2022;2206,61
04.07.2022;2204,66
05.07.2022;2226,64
06.07.2022;2221,88
07.07.2022;2226,65
08.07.2022;2222,51
11.07.2022;2162,34
12.07.2022;2133,77
13.07.2022;2073,68
14.07.2022;2063,3
15.07.2022;2109,52
18.07.2022;2096,42
19.07.2022;2071,28
20.07.2022;2075,24
21.07.2022;2053,64
22.07.2022;2096,75
25.07.2022;2128,96
26.07.2022;2192,42
27.07.2022;2196,22
28.07.2022;2189,16
29.07.2022;2213,81
01.08.2022;2180,09
02.08.2022;2137,3
03.08.2022;2123,92
04.08.2022;2116,58
05.08.2022;2054,29
08.08.2022;2088,4
09.08.2022;2136,8
10.08.2022;2151,5
11.08.2022;2133,11
12.08.2022;2147,33
15.08.2022;2165,12
16.08.2022;2208,33
17.08.2022;2188,56
18.08.2022;2194,31
19.08.2022;2195,16
22.08.2022;2228,11
23.08.2022;2260,08
24.08.2022;2248,22
25.08.2022;2246,34
26.08.2022;2268,89
29.08.2022;2296,33
30.08.2022;2306,62
31.08.2022;2400,08
01.09.2022;2445,77
02.09.2022;2471,45
05.09.2022;2488,44
06.09.2022;2425,33
07.09.2022;2401,57
08.09.2022;2390,27
09.09.2022;2426,06
12.09.2022;2449,65
13.09.2022;2446,89
14.09.2022;2435,89
15.09.2022;2446,59
16.09.2022;2435,18
19.09.2022;2430,54
20.09.2022;2215,67
21.09.2022;2130,71
22.09.2022;2190,87
23.09.2022;2089,87
26.09.2022;1933,35
27.09.2022;1953,46
28.09.2022;1963,86
29.09.2022;1953,77
30.09.2022;1957,31
03.10.2022;2041,96
04.10.2022;2046,42
05.10.2022;2029,88
06.10.2022;2020,63
07.10.2022;1944,75
10.10.2022;1916,97
11.10.2022;1949,46
12.10.2022;1951,65
13.10.2022;1955,2
14.10.2022;1950,98
17.10.2022;2012,85
18.10.2022;2032,4
19.10.2022;1978,4
20.10.2022;2025,51
21.10.2022;2043,71
24.10.2022;2063,95
25.10.2022;2130,65
26.10.2022;2120,58
27.10.2022;2164,64
28.10.2022;2167,7
31.10.2022;2166,61
01.11.2022;2174,35
02.11.2022;2173,84
03.11.2022;2155,92
07.11.2022;2208,78
08.11.2022;2207,2
09.11.2022;2166,56
10.11.2022;2210,02
11.11.2022;2217,44
14.11.2022;2244,77
15.11.2022;2223,26
16.11.2022;2227,19
17.11.2022;2212,93
18.11.2022;2206,32
21.11.2022;2166,31
22.11.2022;2196,04
23.11.2022;2211,89
24.11.2022;2210,95
25.11.2022;2195,17
28.11.2022;2177,45
29.11.2022;2185,32
30.11.2022;2174,53
01.12.2022;2187,29
02.12.2022;2180,44
05.12.2022;2208,28
06.12.2022;2196,24
07.12.2022;2192,88
08.12.2022;2184,43
09.12.2022;2177,85
12.12.2022;2173,16
13.12.2022;2174,38
14.12.2022;2159,81
15.12.2022;2126,8
16.12.2022;2132,75
19.12.2022;2129,98
20.12.2022;2119,37
21.12.2022;2116,13
22.12.2022;2122,91
23.12.2022;2124,02
26.12.2022;2139,21
27.12.2022;2150,92
28.12.2022;2139,77
29.12.2022;2147,06
30.12.2022;2154,12
03.01.2023;2172,68
04.01.2023;2168,42
05.01.2023;2156,67
06.01.2023;2156,39
09.01.2023;2163,5
10.01.2023;2159,51
11.01.2023;2186,98
12.01.2023;2185,93
13.01.2023;2199,94
16.01.2023;2224,9
17.01.2023;2196,84
18.01.2023;2196,26
19.01.2023;2168,83
20.01.2023;2166,69
23.01.2023;2185,31
24.01.2023;2172,75
25.01.2023;2170,15
26.01.2023;2166,92
27.01.2023;2189,35
30.01.2023;2204,41
31.01.2023;2225,6
01.02.2023;2230,15
02.02.2023;2243,54
03.02.2023;2248,3
06.02.2023;2272,37
07.02.2023;2267,69
08.02.2023;2251,97
09.02.2023;2262,45
10.02.2023;2261,58
13.02.2023;2264,27
14.02.2023;2232,23
15.02.2023;2166,46
16.02.2023;2153,96
17.02.2023;2168,88
20.02.2023;2183,57
21.02.2023;2212,42
22.02.2023;2212,4
24.02.2023;2208,03
27.02.2023;2241,1
28.02.2023;2253,16
01.03.2023;2279,65
02.03.2023;2254,3
03.03.2023;2272,2
06.03.2023;2294,12
07.03.2023;2295,6
09.03.2023;2290,14
10.03.2023;2276,25
13.03.2023;2269,47
14.03.2023;2290,32
15.03.2023;2262,07
16.03.2023;2258,22
17.03.2023;2322,78
20.03.2023;2397,16
21.03.2023;2398,15
22.03.2023;2393,88
23.03.2023;2388,35
24.03.2023;2391,53
27.03.2023;2440,68
28.03.2023;2442,19
29.03.2023;2460,87
30.03.2023;2465,93
31.03.2023;2450,67
03.04.2023;2473,32
04.04.2023;2480,45
05.04.2023;2500,8
06.04.2023;2498,3
07.04.2023;2508,39
10.04.2023;2547,35
11.04.2023;2533,69
12.04.2023;2538,47
13.04.2023;2544,28
14.04.2023;2554,85
17.04.2023;2596,11
18.04.2023;2615,62
19.04.2023;2606,55
20.04.2023;2637,85
21.04.2023;2639,95
24.04.2023;2635,43
25.04.2023;2626,86
26.04.2023;2620,33
27.04.2023;2646,18
28.04.2023;2634,94
02.05.2023;2580,51
03.05.2023;2532,42
04.05.2023;2524,51
05.05.2023;2538,24
08.05.2023;2527,59
10.05.2023;2548,63
11.05.2023;2595,12
12.05.2023;2565,17
15.05.2023;2611,07
16.05.2023;2633,71
17.05.2023;2634,48
18.05.2023;2632,91
19.05.2023;2626,16
22.05.2023;2633,26
23.05.2023;2641,66
24.05.2023;2654,99
25.05.2023;2649,98
26.05.2023;2682,03
29.05.2023;2732
30.05.2023;2698,75
31.05.2023;2717,64
01.06.2023;2721,73
02.06.2023;2719,48
05.06.2023;2694,14
06.06.2023;2681,25
07.06.2023;2694,69
08.06.2023;2709,69
09.06.2023;2708,04
13.06.2023;2757,28
14.06.2023;2765,18
15.06.2023;2800,17
16.06.2023;2800,79
19.06.2023;2815,07
20.06.2023;2803,69
21.06.2023;2819,3
22.06.2023;2815,83
23.06.2023;2795,06
26.06.2023;2757,13
27.06.2023;2776,63
28.06.2023;2780,92
29.06.2023;2796,41
30.06.2023;2797,37
03.07.2023;2793,93
04.07.2023;2808,22
05.07.2023;2805
06.07.2023;2819,6
07.07.2023;2832,51
10.07.2023;2856,76
11.07.2023;2860,33
12.07.2023;2896,83
13.07.2023;2885,63
14.07.2023;2902,72
17.07.2023;2917,61
18.07.2023;2954,52
19.07.2023;2943,43
20.07.2023;2917,48
21.07.2023;2923,54
24.07.2023;2937,47
25.07.2023;2975,36
26.07.2023;2970,42
27.07.2023;2987,85
28.07.2023;3008,61
31.07.2023;3073,5
01.08.2023;3093,64
02.08.2023;3106,46
03.08.2023;3147,8
04.08.2023;3092,44
07.08.2023;3084,08
08.08.2023;3085,31
09.08.2023;3099,52
10.08.2023;3148,86
11.08.2023;3155,51
14.08.2023;3131
15.08.2023;3115,25
16.08.2023;3049,46
17.08.2023;3059,02
18.08.2023;3111,22
21.08.2023;3139,93
22.08.2023;3164,25
23.08.2023;3146,2
24.08.2023;3137,37
25.08.2023;3157,33
28.08.2023;3198,72
29.08.2023;3211,36
30.08.2023;3212,68
31.08.2023;3227,99
01.09.2023;3231,35
04.09.2023;3268,97
05.09.2023;3264,43
06.09.2023;3245,47
07.09.2023;3169,07
08.09.2023;3142,88
11.09.2023;3122,37
12.09.2023;3165,92
13.09.2023;3148,32
14.09.2023;3139,49
15.09.2023;3152,53
18.09.2023;3135,18
19.09.2023;3083,85
20.09.2023;3068,15
21.09.2023;3019,22
22.09.2023;3049,07
25.09.2023;3045,39
26.09.2023;3051,91
27.09.2023;3067,61
28.09.2023;3108,07
29.09.2023;3133,26
02.10.2023;3132,33
03.10.2023;3143,88
04.10.2023;3134,25
05.10.2023;3131,76
06.10.2023;3144,89
09.10.2023;3174,02
10.10.2023;3177,03
11.10.2023;3194,12
12.10.2023;3174,66
13.10.2023;3192,33
16.10.2023;3234,78
17.10.2023;3247,15
18.10.2023;3249,21
19.10.2023;3255,16
20.10.2023;3269,27
23.10.2023;3263,68
24.10.2023;3265,01
25.10.2023;3265,28
26.10.2023;3223,89
27.10.2023;3224,18
30.10.2023;3227,07
31.10.2023;3200,97
01.11.2023;3206,52
02.11.2023;3197,22
03.11.2023;3208,63
06.11.2023;3235,11
07.11.2023;3246,34
08.11.2023;3245,43
09.11.2023;3239,92
10.11.2023;3242,06
13.11.2023;3248,27
14.11.2023;3212,39
15.11.2023;3215,11
16.11.2023;3189,08
17.11.2023;3206,34
20.11.2023;3207,36
21.11.2023;3218,48
22.11.2023;3230,65
23.11.2023;3221,05
24.11.2023;3217,76
27.11.2023;3191,05
28.11.2023;3196,36
29.11.2023;3173,52
30.11.2023;3165,79
01.12.2023;3142,29
04.12.2023;3114,41
05.12.2023;3129,33
06.12.2023;3079,5
07.12.2023;3073,63
08.12.2023;3079,99
11.12.2023;3026,17
12.12.2023;3019,89
13.12.2023;3032,22
14.12.2023;3008,84
15.12.2023;3033,89
18.12.2023;3076,26
19.12.2023;3083,64
20.12.2023;3104,66
21.12.2023;3073,57
22.12.2023;3092,58
25.12.2023;3099,02
26.12.2023;3094,72
27.12.2023;3097,49
28.12.2023;3101,99
29.12.2023;3099,11
03.01.2024;3130,23
04.01.2024;3136,07
05.01.2024;3136,37
08.01.2024;3158,58
09.01.2024;3155,55
10.01.2024;3164,7
11.01.2024;3181,25
12.01.2024;3185,22
15.01.2024;3184,88
16.01.2024;3179,45
17.01.2024;3185,23
18.01.2024;3178,85
19.01.2024;3166,37
22.01.2024;3172,15
23.01.2024;3175,74
24.01.2024;3162,41
25.01.2024;3157,74
26.01.2024;3163,21
29.01.2024;3176,61
30.01.2024;3196,08
31.01.2024;3214,19
01.02.2024;3229,89
02.02.2024;3226,35
05.02.2024;3226,79
06.02.2024;3238,4
07.02.2024;3256,58
08.02.2024;3241,81
09.02.2024;3242,38
12.02.2024;3248,5
13.02.2024;3254,6
14.02.2024;3258,14
15.02.2024;3265,63
16.02.2024;3242,48
19.02.2024;3244,56
20.02.2024;3207,49
21.02.2024;3139,5
22.02.2024;3142,3
26.02.2024;3213,17
27.02.2024;3208,99
28.02.2024;3227,05
29.02.2024;3256,8
01.03.2024;3266,66
04.03.2024;3296,75
05.03.2024;3300,89
06.03.2024;3310,58
07.03.2024;3315,68
11.03.2024;3320,31
12.03.2024;3332,6
13.03.2024;3320,68
14.03.2024;3297
15.03.2024;3300,07
18.03.2024;3296,3
19.03.2024;3264,97
20.03.2024;3267,1
21.03.2024;3286,69
22.03.2024;3273,49
25.03.2024;3281,63
26.03.2024;3285,54
27.03.2024;3304,09
28.03.2024;3312,77
29.03.2024;3332,53
01.04.2024;3363,29
02.04.2024;3371,29
03.04.2024;3395,59
04.04.2024;3407,57
05.04.2024;3395,37
08.04.2024;3417,38
09.04.2024;3414,26
10.04.2024;3439,11
11.04.2024;3439,53
12.04.2024;3456,24
15.04.2024;3472,19
16.04.2024;3462,94
17.04.2024;3454,07
18.04.2024;3455,82
19.04.2024;3470,88
22.04.2024;3479,17
23.04.2024;3439,42
24.04.2024;3428,93
25.04.2024;3439,76
26.04.2024;3449,77
27.04.2024;3465,85
29.04.2024;3478,08
30.04.2024;3469,83
02.05.2024;3442,83
03.05.2024;3441,77
06.05.2024;3436,05
07.05.2024;3427,61
08.05.2024;3432,54
10.05.2024;3449,78
13.05.2024;3457,11
14.05.2024;3463,93
15.05.2024;3470,72
16.05.2024;3486,26
17.05.2024;3501,89
20.05.2024;3468,09
21.05.2024;3428,38
22.05.2024;3444,64
23.05.2024;3442,79
24.05.2024;3396,5
27.05.2024;3299,22
28.05.2024;3302,91
29.05.2024;3318,03
30.05.2024;3282,18
31.05.2024;3217,19
03.06.2024;3141,42
04.06.2024;3186,93
05.06.2024;3212,24
06.06.2024;3192,38
07.06.2024;3233,22
10.06.2024;3180,94
11.06.2024;3171,1
13.06.2024;3171,69
14.06.2024;3215,91
17.06.2024;3183,68
18.06.2024;3114,15
19.06.2024;3027,47
20.06.2024;3123,43
21.06.2024;3114,35
24.06.2024;3098,05
25.06.2024;3111,39
26.06.2024;3151,7
27.06.2024;3150,32
28.06.2024;3154,36
01.07.2024;3186,19
02.07.2024;3217,29
03.07.2024;3203,07
04.07.2024;3133,81
05.07.2024;3149,29
08.07.2024;3132,58
09.07.2024;3054,07
10.07.2024;2975,75
11.07.2024;2992,21
12.07.2024;2973,21
15.07.2024;2913,48
16.07.2024;2944,86
17.07.2024;2947,24
18.07.2024;2980,62
19.07.2024;3008,24
22.07.2024;3024,54
23.07.2024;3028,01
24.07.2024;3051,76
25.07.2024;3041,37
26.07.2024;2993,23
29.07.2024;2906,95
30.07.2024;2944,78
31.07.2024;2942,68
01.08.2024;2935,69
02.08.2024;2899
05.08.2024;2828,72
06.08.2024;2830,75
07.08.2024;2874,94
08.08.2024;2852,51
09.08.2024;2848,29
12.08.2024;2844,77
13.08.2024;2884,6
14.08.2024;2871,11
15.08.2024;2838,11
16.08.2024;2828,2
19.08.2024;2775,64
20.08.2024;2768,42
21.08.2024;2768,14
22.08.2024;2725,75
23.08.2024;2662,47
26.08.2024;2763,75
27.08.2024;2730,38
28.08.2024;2699,98
29.08.2024;2708,27
30.08.2024;2650,32
02.09.2024;2545,07
03.09.2024;2524,38
04.09.2024;2605,15
05.09.2024;2621,62
06.09.2024;2623,37
09.09.2024;2703,17
10.09.2024;2671,38
11.09.2024;2668,03
12.09.2024;2615
13.09.2024;2678,99
16.09.2024;2744,2
17.09.2024;2774,04
18.09.2024;2751,73
19.09.2024;2758,91
20.09.2024;2782,35
23.09.2024;2819,87
24.09.2024;2871,96
25.09.2024;2830,11
26.09.2024;2829,65
27.09.2024;2858,56
30.09.2024;2857,56
01.10.2024;2814,19
02.10.2024;2766,79
03.10.2024;2782,39
04.10.2024;2804,62
07.10.2024;2793,84
08.10.2024;2788,37
09.10.2024;2748,81
10.10.2024;2761,54
11.10.2024;2754,52
14.10.2024;2773,36
15.10.2024;2805,79
16.10.2024;2783,46
17.10.2024;2763,53
18.10.2024;2751,9
21.10.2024;2767,71
22.10.2024;2755,19
23.10.2024;2734,93
24.10.2024;2718,42
25.10.2024;2660,36
28.10.2024;2575,06
29.10.2024;2599,66
30.10.2024;2615,38
31.10.2024;2560,2
01.11.2024;2574,71
02.11.2024;2594,38
05.11.2024;2616,51
06.11.2024;2662,87
07.11.2024;2690,63
08.11.2024;2734,56
11.11.2024;2785,31
12.11.2024;2756,76
13.11.2024;2763,99
14.11.2024;2697,47
15.11.2024;2739,21
18.11.2024;2720,77
19.11.2024;2630,51
20.11.2024;2596,89
21.11.2024;2568,6
22.11.2024;2581,05
25.11.2024;2530,69
26.11.2024;2464,35
27.11.2024;2491,88
28.11.2024;2547,88
29.11.2024;2578
02.12.2024;2586,74
03.12.2024;2539,64
04.12.2024;2485,62
05.12.2024;2510,83
06.12.2024;2536,23
09.12.2024;2572,89
10.12.2024;2522,75
11.12.2024;2512,54
12.12.2024;2492,63
13.12.2024;2485,2
16.12.2024;2420,3
17.12.2024;2377,15
18.12.2024;2409,35
19.12.2024;2416,45
20.12.2024;2638,42
23.12.2024;2702,48
24.12.2024;2690,96
25.12.2024;2732,83
26.12.2024;2766,57
27.12.2024;2757,45
28.12.2024;2786,67
30.12.2024;2883,04
03.01.2025;2828,5
06.01.2025;2816,26
08.01.2025;2840,79
09.01.2025;2773,12
10.01.2025;2824,59
13.01.2025;2866,11
14.01.2025;2859,51
15.01.2025;2842,96
16.01.2025;2911,29
17.01.2025;2945,52
20.01.2025;2929,55
21.01.2025;2934,71
22.01.2025;2972,62
23.01.2025;2926,1
24.01.2025;2947,94
27.01.2025;2891,39
28.01.2025;2931,97
29.01.2025;2950,68
30.01.2025;2967,47
31.01.2025;2948,1
03.02.2025;2926,17
04.02.2025;2917,71
05.02.2025;2930,56
06.02.2025;2970,12
07.02.2025;2966,53
10.02.2025;3012,39
11.02.2025;3018,02
12.02.2025;3025,63
13.02.2025;3206,97
14.02.2025;3185
17.02.2025;3308,41
18.02.2025;3258,76
19.02.2025;3270,64
20.02.2025;3292,62
21.02.2025;3283,29
24.02.2025;3303,63
25.02.2025;3326,14
26.02.2025;3276
27.02.2025;3232,65
28.02.2025;3200,48
03.03.2025;3145,73
04.03.2025;3241,63
05.03.2025;3263,62
06.03.2025;3207,7
07.03.2025;3166,88
10.03.2025;3200,81
11.03.2025;3200,95
12.03.2025;3183,97
13.03.2025;3121,57
14.03.2025;3195,08
17.03.2025;3245,19
18.03.2025;3257,49
19.03.2025;3229,79
20.03.2025;3223,14
21.03.2025;3191,61
24.03.2025;3178,66
25.03.2025;3164,62
26.03.2025;3146,31
27.03.2025;3083,99
28.03.2025;3025,65
31.03.2025;3013,36
01.04.2025;2964,43
02.04.2025;2926,39
03.04.2025;2859,58
04.04.2025;2781,97
07.04.2025;2729,89
08.04.2025;2746,41
09.04.2025;2650,69
10.04.2025;2764,28
11.04.2025;2829,92
14.04.2025;2819,69
15.04.2025;2805,55
16.04.2025;2861,83
17.04.2025;2865,32
18.04.2025;2872,77
21.04.2025;2922,46
22.04.2025;2954,49
23.04.2025;2943,23
24.04.2025;2944,43
25.04.2025;3006,14
28.04.2025;3034,3
29.04.2025;2957,66
30.04.2025;2918,47
02.05.2025;2836,7
05.05.2025;2738,8
06.05.2025;2820,07
07.05.2025;2833,09
08.05.2025;2850,93
12.05.2025;2930,17
13.05.2025;2935,53
14.05.2025;2924,21
15.05.2025;2840,05
16.05.2025;2840,34
19.05.2025;2882,63
20.05.2025;2823,42
21.05.2025;2809,58
22.05.2025;2792,16
23.05.2025;2770,1
26.05.2025;2699,84
27.05.2025;2736,75
28.05.2025;2785,2
29.05.2025;2809,94
30.05.2025;2828,83
02.06.2025;2829,67
03.06.2025;2834,06
04.06.2025;2836,64
05.06.2025;2856,61
06.06.2025;2786,16
09.06.2025;2737,76
10.06.2025;2722,37
11.06.2025;2733,2
13.06.2025;2750,32
16.06.2025;2737,83
17.06.2025;2788,94
18.06.2025;2791,83
19.06.2025;2783,81
20.06.2025;2751,04
23.06.2025;2759,67
24.06.2025;2744,95
25.06.2025;2790,78
26.06.2025;2797,27
27.06.2025;2806,11
30.06.2025;2847,38
01.07.2025;2848,44
02.07.2025;2815,26
03.07.2025;2823,34
04.07.2025;2801,65
07.07.2025;2756,14
08.07.2025;2755,58
09.07.2025;2696,45
10.07.2025;2732,45
11.07.2025;2642,02
14.07.2025;2714,14
15.07.2025;2756,95
16.07.2025;2777,16
17.07.2025;2761,48
18.07.2025;2784,63
21.07.2025;2821,78
22.07.2025;2825,61
23.07.2025;2841,16
24.07.2025;2807,69
25.07.2025;2772,39
28.07.2025;2730,98
29.07.2025;2758,28
30.07.2025;2726,24
31.07.2025;2732,12
01.08.2025;2727,98
04.08.2025;2773,85
05.08.2025;2786,37
06.08.2025;2764,62
07.08.2025;2876,43
08.08.2025;2924,63
11.08.2025;2964,15
12.08.2025;2977,18
13.08.2025;2973,02
14.08.2025;2977,34
15.08.2025;3012,09
18.08.2025;2951,26
19.08.2025;2965,66
20.08.2025;2940,78
21.08.2025;2883,5
22.08.2025;2896,76
25.08.2025;2887,24
26.08.2025;2885,87
27.08.2025;2911,48
28.08.2025;2912,72
29.08.2025;2899,38
01.09.2025;2886,97
02.09.2025;2845,39
03.09.2025;2867,55
04.09.2025;2873,7
05.09.2025;2901,45
08.09.2025;2921,62
09.09.2025;2935,96
10.09.2025;2914,26
11.09.2025;2908,14
12.09.2025;2839,73
15.09.2025;2809,85
16.09.2025;2802,77
17.09.2025;2814,04
18.09.2025;2793,58
19.09.2025;2748,06
22.09.2025;2741,06
23.09.2025;2758,65
24.09.2025;2723,58
25.09.2025;2708,68
26.09.2025;2725,97
29.09.2025;2684,09
30.09.2025;2684,6
01.10.2025;2647,25
02.10.2025;2632,07
03.10.2025;2604,55
06.10.2025;2648,5
07.10.2025;2668,6
08.10.2025;2562,51
09.10.2025;2638,37
10.10.2025;2588,56
13.10.2025;2576,38
14.10.2025;2541,49
15.10.2025;2545,22
16.10.2025;2607,78
17.10.2025;2721,14
20.10.2025;2744,83
21.10.2025;2632,42
22.10.2025;2653
23.10.2025;2570,67
24.10.2025;2543,93
27.10.2025;2476,79
28.10.2025;2495,09
29.10.2025;2523,35
30.10.2025;2557,48
31.10.2025;2525,2
01.11.2025;2532,66
03.11.2025;2570,96
05.11.2025;2546,62
06.11.2025;2542,7
07.11.2025;2566,42
10.11.2025;2558,6
11.11.2025;2566,17
12.11.2025;2536,22
13.11.2025;2543,36
14.11.2025;2525,68
17.11.2025;2510,64
18.11.2025;2563,07
19.11.2025;2646,02
20.11.2025;2628,31
21.11.2025;2685,03
24.11.2025;2654,84
25.11.2025;2685,95
26.11.2025;2668,38
27.11.2025;2621,37
28.11.2025;2676,42
01.12.2025;2686,93
02.12.2025;2667,2
03.12.2025;2651,71
04.12.2025;2657,13
05.12.2025;2711,3
08.12.2025;2705,17
09.12.2025;2702,72
10.12.2025;2720,66
11.12.2025;2748,93
12.12.2025;2739,49
15.12.2025;2748,93
16.12.2025;2774,23
17.12.2025;2759,73
18.12.2025;2753,07
19.12.2025;2743,09
22.12.2025;2715,98
23.12.2025;2725,38
24.12.2025;2720,02
25.12.2025;2714,12
26.12.2025;2754,89
29.12.2025;2742,03
30.12.2025;2766,62
